{
  "answers": {
    "phase": "architecture",
    "action": "architectural decision",
    "scope": "uml deployment",
    "action experience": 2,
    "target": "microservices",
    "aimodel": "chatgpt o1",
    "tool option": "online free",
    "experience with tool": 4,
    "time allocated (h)": "0.05",
    "time saved estimate (h)": "2",
    "quality of ai help": 4,
    "knowledge acquired": 1,
    "generic feeling - now": 4,
    "generic feeling - future": 4,
    "threat level": 0,
    "notes": ""
  }
}