{
  "answers": {
    "phase": "deployment",
    "action": "container operations",
    "scope": "deployment scripts",
    "action experience": 2,
    "target": "yaml/json",
    "aimodel": "deepseek R1",
    "tool option": "online free",
    "experience with tool": 4,
    "time allocated (h)": "0.25",
    "time saved estimate (h)": "3",
    "quality of ai help": 5,
    "knowledge acquired": 3,
    "generic feeling - now": 5,
    "generic feeling - future": 5,
    "threat level": 0,
    "notes": ""
  }
}